complex_name_meta,apt_unmatched_count,gugun,dong,road_address,addr_road_name,addr_road_detail,지번주소
(풍납)대동아파트,1,송파구,풍납동,서울특별시 송파구 풍성로15길 10,풍성로15길,10,풍납동172
신반포한신23차,1,서초구,반포동,,,,nan
신정학마을3단지,1,양천구,신정동,서울특별시 양천구 신정로 225-12,신정로,225-12,신정동1291
신정푸른마을4단지,1,양천구,신정동,서울특별시 양천구 신정로7길 60-7,신정로7길,1960-07-01 00:00:00,서울양천구신정로7길60-7
신정숲속마을아파트,1,양천구,신정동,,,,nan
신정동일하이빌,1,양천구,신정동,서울특별시 양천구 신정로11길 20,신정로11길,20,신정동1310
신정동 보람쉬움아파트,1,양천구,신정동,서울특별시 양천구 오목로35길 5,오목로35길,5,신정동921-11
신월신도브래뉴2차,1,양천구,신월동,,화곡로3길,,nan
신월성원,1,양천구,신월동,서울특별시 양천구 곰달래로2길 16,곰달래로2길,16,신월동222-7
신성아파트,1,은평구,신사동,서울특별시 은평구 증산로15길 67-7,증산로15길,1967-07-01 00:00:00,서울은평구증산로15길67-7
신사성원아파트,1,은평구,신사동,서울특별시 은평구 갈현로4길 26-5,갈현로4길,2025-05-26 00:00:00,서울은평구갈현로4길26-5
신사삼성래미안아파트,1,강남구,신사동,,,,nan
신반포한신14차,1,서초구,잠원동,,,,nan
신금호파크자이아파트,1,성동구,금호동2가,서울특별시 성동구 금호로 173,금호로,173,금호동2가1
신반포5차,1,서초구,잠원동,,,,nan
신반포22,1,서초구,잠원동,서울특별시 서초구 잠원로 86,잠원로,86,nan
신반포15차아파트,1,서초구,반포동,,,,nan
신목동파라곤아파트,1,양천구,신월동,서울특별시 양천구 오목로 55,오목로,55,신월동489-3
신림초원,1,관악구,신림동,서울특별시 관악구 미성5길 40,미성5길,40,신림동1712
신림신도브래뉴,1,관악구,신림동,서울특별시 관악구 조원로16길 7,조원로16길,7,신림동1723
신림건영2차,1,관악구,신림동,서울특별시 관악구 난곡로35길 28-7,난곡로35길,2025-07-28 00:00:00,서울관악구난곡로35길28-7
신내건영2차아파트,1,중랑구,상봉동,서울특별시 중랑구 신내로7길 20,신내로7길,20,신내동785
신길우창,1,영등포구,신길동,,,,nan
신길남서울,1,영등포구,신길동,서울특별시 영등포구 신길로 108,신길로,108,신길동3573
신촌럭키,1,서대문구,대현동,서울특별시 서대문구 이화여대길 50-12,이화여대길,1950-12-01 00:00:00,서울서대문구이화여대길50-12
쌍문경남,1,도봉구,쌍문동,서울특별시 도봉구 도봉로129길 45-12,도봉로129길,1945-12-01 00:00:00,서울도봉구도봉로129길45-12
쌍문금호2차,1,도봉구,쌍문동,서울특별시 도봉구 해등로 241-14,해등로,241-14,쌍문동69-1
쌍용남산플래티넘,1,중구,회현동2가,서울특별시 중구 소공로 46,소공로,46,회현동2가87
양평벽산,1,영등포구,양평동2가,서울특별시 영등포구 선유서로21길 19,선유서로21길,19,양평동2가23
양평동양,1,영등포구,양평동6가,서울특별시 영등포구 양평로30가길 15,양평로30가길,15,양평동6가100
양평동삼천리아파트,1,영등포구,양평동3가,서울특별시 영등포구 선유서로 115,선유서로,115,양평동3가24
양평동보아파트,1,영등포구,양평동5가,서울특별시 영등포구 양평로23길 18,양평로23길,18,양평동5가9-1
양평동6차현대아파트,1,영등포구,양평동3가,서울특별시 영등포구 선유로 207,선유로,207,양평동3가101
양평경남2차아너스빌,1,영등포구,양평동4가,서울특별시 영등포구 양평로17길 9,양평로17길,9,양평동4가51-1
양평경남1차,1,영등포구,양평동3가,서울특별시 영등포구 선유로33길 22,선유로33길,22,양평동3가55-1
양평거성파스텔,1,영등포구,양평동3가,서울특별시 영등포구 선유로43가길 24,선유로43가길,24,양평동3가90-1
양천중앙하이츠,1,양천구,신정동,서울특별시 양천구 목동남로2길 60-7,목동남로2길,1960-07-01 00:00:00,서울양천구목동남로2길60-7
약수역 더시티,1,중구,신당동,,,,nan
압구정하이츠파크,1,강남구,신사동,서울특별시 강남구 압구정로42길 78,압구정로42길,78,신사동632
안암삼익,1,성북구,안암동3가,서울특별시 성북구 안암로9길 30,안암로9길,30,안암동3가135
안암삼성래미안,1,성북구,안암동1가,서울특별시 성북구 고려대로17가길 64,고려대로17가길,64,안암동1가361
안암대광,1,성북구,안암동3가,서울특별시 성북구 안암로9나길 14,안암로9나길,14,안암동3가136-1
아크로타워스퀘어,1,영등포구,영등포동7가,서울특별시 영등포구 국회대로54길 10,국회대로54길,10,영등포동7가203
아크로삼성,1,강남구,삼성동,서울특별시 강남구 영동대로128길 15,영동대로128길,15,삼성동79
아크로 서울포레스트,1,성동구,성수동1가,서울특별시 성동구 왕십리로 83-21,왕십리로,83-21,성수동1가685-700
아스테리움용산,1,용산구,한강로2가,서울특별시 용산구 한강대로30길 25,한강대로30길,25,한강로2가419
아그네스풍림아이원,1,은평구,역촌동,,,,nan
쌍용예가클래식,1,서초구,방배동,서울특별시 서초구 방배로37길 26-9,방배로37길,2025-09-26 00:00:00,서울서초구방배로37길26-9
쌍용스위트닷홈임대,1,동작구,상도동,,,,nan
신길AK푸르지오주상복합,1,영등포구,신길동,서울특별시 영등포구 가마산로 483,가마산로,483,신길동255-9
신금호두산위브,1,성동구,금호동1가,서울특별시 성동구 행당로 27,행당로,27,금호동1가1818
상계코오롱,1,노원구,상계동,서울특별시 노원구 노원로26가길 25,노원로26가길,25,상계동1281
서초1차e편한세상,1,서초구,서초동,서울특별시 서초구 명달로6길 31,명달로6길,31,서초동1487-63
성수1차대우아파트,1,성동구,성수동2가,서울특별시 성동구 동일로 143,동일로,143,성수동2가279-50
성산월드타운대림,1,마포구,성산동,서울특별시 마포구 월드컵북로30길 9-22,월드컵북로30길,2025-09-22 00:00:00,서울마포구월드컵북로30길9-22
성내삼성,1,강동구,성내동,서울특별시 강동구 풍성로38길 22,풍성로38길,22,성내동589
성내2차e-편한세상,1,강동구,성내동,서울특별시 강동구 풍성로37길 55,풍성로37길,55,성내동137
서초포레스타7단지,1,서초구,신원동,서울특별시 서초구 청계산로11길 7-12,청계산로11길,2025-07-12 00:00:00,서울서초구청계산로11길7-12
서초포레스타6단지,1,서초구,신원동,서울특별시 서초구 청계산로9길 1-12,청계산로9길,2025-01-12 00:00:00,서울서초구청계산로9길1-12
서초롯데캐슬84아파트,1,서초구,서초동,서울특별시 서초구 사임당로17길 90,사임당로17길,90,서초동1642-14
서초래미안,1,서초구,서초동,서울특별시 서초구 서초대로65길 13-10,서초대로65길,2025-10-13 00:00:00,서울서초구서초대로65길13-10
서초더샵,1,서초구,서초동,서울특별시 서초구 서초중앙로2길 10,서초중앙로2길,10,서초동1426-5
서초3차e편한세상,1,서초구,서초동,서울특별시 서초구 남부순환로 2343-10,남부순환로,2343-10-01 00:00:00,서초동1467-37
서울역한라비발디센트럴아파트,1,중구,만리동2가,서울특별시 중구 만리재로 177,만리재로,177,만리동2가288
신공덕e-편한세상,1,마포구,신공덕동,,,,nan
서울역센트럴자이아파트,1,중구,만리동2가,서울특별시 중구 만리재로 175,만리재로,175,만리동2가273
서울숲힐스테이트,1,성동구,성수동2가,서울특별시 성동구 성수일로4길 26,성수일로4길,26,성수동2가843
서울숲푸르지오,1,성동구,금호동4가,서울특별시 성동구 금호로 15,금호로,15,금호동4가340
서울숲아이파크리버포레,1,성동구,성수동1가,서울특별시 성동구 왕십리로 137,왕십리로,137,성수동1가670-27
서울숲대림아파트,1,성동구,성수동1가,서울특별시 성동구 뚝섬로 311,뚝섬로,311,성수동1가656-234
서울숲2차푸르지오,1,성동구,금호동4가,서울특별시 성동구 금호로 17,금호로,17,금호동4가235
서울대벤처타운역푸르지오아파트,1,관악구,신림동,서울특별시 관악구 약수암길 1-8 ,약수암길,2025-01-08 00:00:00,서울관악구약수암길1-8
서울가든빌라,1,구로구,오류동,서울특별시 구로구 경인로 83,경인로,83,오류동97-4
상일우성타운,1,강동구,상일동,서울특별시 강동구 상암로 331,상암로,331,상일동174
상도건영,1,동작구,노량진동,서울특별시 동작구 만양로 26,만양로,26,상도동414
성수2차대우,1,성동구,성수동1가,서울특별시 성동구 상원6길 16,상원6길,16,성수동1가709
성수갤러리아포레,1,성동구,성수동1가,서울특별시 성동구 서울숲2길 32-14,서울숲2길,32-14,성수동1가685-696
성수금호3차,1,성동구,성수동1가,서울특별시 성동구 뚝섬로5길 17,뚝섬로5길,17,성수동1가714
성수금호타운2차아파트,1,성동구,성수동2가,서울특별시 성동구 연무장길 31,연무장길,31,성수동2가832
시흥현대빌라,1,금천구,시흥동,서울특별시 금천구 시흥대로 53,시흥대로,53,시흥동982
시흥성지,1,금천구,시흥동,서울특별시 금천구 시흥대로51길 55,시흥대로51길,55,시흥동173-8
시흥금강,1,금천구,시흥동,서울특별시 금천구 독산로50길 57-2,독산로50길,1957-02-01 00:00:00,서울금천구독산로50길57-2
시티파크2단지,1,용산구,한강로3가,서울특별시 용산구 서빙고로 31,서빙고로,31,한강로3가63-387
송파레이크힐아파트,1,송파구,거여동,서울특별시 송파구 위례송파로 89,위례송파로,89,거여동606
송파더플래티넘,1,송파구,오금동,서울특별시 송파구 성내천로 50,성내천로,50,오금동67
센트레빌아스테리움영등포,1,영등포구,영등포동2가,서울특별시 영등포구 영등포로53길 40,영등포로53길,40,영등포동2가439
센트레빌아스테리움시그니처아파트,1,은평구,역촌동,서울특별시 은평구 갈현로7길 25,갈현로7길,25,역촌동189-1
세운푸르지오헤리시티,1,중구,인현동2가,서울특별시 중구 마른내로 79,마른내로,79,인현동2가240
성수현대그린,1,성동구,성수동1가,서울특별시 성동구 뚝섬로3길 6,뚝섬로3길,6,성수동1가33-2
성수현대,1,성동구,성수동1가,서울특별시 성동구 서울숲길 25,서울숲길,25,성수동1가676-5
성수한진타운,1,성동구,성수동1가,서울특별시 성동구 뚝섬로 312,뚝섬로,312,성수동1가704
성수한강한신,1,성동구,성수동2가,서울특별시 성동구 성수이로 3,성수이로,3,성수동2가442
성수청구강변,1,성동구,성수동2가,서울특별시 성동구 둘레15길 7,둘레15길,7,성수동2가712
성수우방2차,1,성동구,성수동2가,서울특별시 성동구 성수일로10길 3,성수일로10길,3,성수동2가286
성수아이파크,1,성동구,성수동2가,서울특별시 성동구 성수이로 137,성수이로,137,성수동2가834
성수쌍용,1,성동구,성수동1가,서울특별시 성동구 상원길 63,상원길,63,성수동1가706
성수롯데캐슬,1,성동구,성수동2가,서울특별시 성동구 성수일로8길 47,성수일로8길,47,성수동2가835
성수두산위브,1,성동구,성수동2가,서울특별시 성동구 뚝섬로 434,뚝섬로,434,성수동2가838
성수동아그린,1,성동구,성수동1가,서울특별시 성동구 상원길 76,상원길,76,성수동1가708
성수동아,1,성동구,성수동1가,서울특별시 성동구 왕십리로 80-1,왕십리로,1980-01-01 00:00:00,서울성동구왕십리로80-1
양평삼성래미안,1,영등포구,양평동2가,서울특별시 영등포구 영등포로3길 9,영등포로3길,9,양평동2가38-1
양평삼호,1,영등포구,양평동3가,서울특별시 영등포구 선유로 172,선유로,172,양평동3가66
양평상록수,1,영등포구,양평동2가,서울특별시 영등포구 영등포로 17,영등포로,17,양평동2가45
청담휴먼스타빌,1,강남구,청담동,서울특별시 강남구 도산대로 454,도산대로,454,청담동5-25
태릉현대,1,노원구,공릉동,서울특별시 노원구 공릉로34길 74,공릉로34길,74,nan
칸타빌수유팰리스,1,강북구,수유동,서울특별시 강북구 한천로148길 12-13,한천로148길,2025-12-13 00:00:00,서울강북구한천로148길12-13
충정리시온,1,서대문구,충정로3가,서울특별시 서대문구 서소문로 27,서소문로,27,충정로3가465
충정로 skview 아파트,1,서대문구,합동,서울특별시 서대문구 서소문로 43-8,서소문로,1943-08-01 00:00:00,서울서대문구서소문로43-8
충무로진양,1,중구,충무로4가,서울특별시 중구 퇴계로 217,퇴계로,217,충무로4가120-3
충무로엘크루메트로시티2,1,중구,충무로5가,서울특별시 중구 퇴계로49길 14,퇴계로49길,14,충무로5가36-2
초안산신도브래뉴,1,도봉구,창동,서울특별시 도봉구 우이천로4라길 11-14,우이천로4라길,2025-11-14 00:00:00,서울도봉구우이천로4라길11-14
청량리역해링턴플레이스,1,동대문구,용두동,서울특별시 동대문구 고산자로34길 70,고산자로34길,70,용두동797
청량리역 한양수자인 그라시엘,1,동대문구,용두동,서울특별시 동대문구 고산자로32길 78,고산자로32길,78,용두동798
청량리역 롯데캐슬 SKY-L65,1,동대문구,전농동,서울특별시 동대문구 답십리로 27,답십리로,27,전농동620-47
청담신동아아파트,1,강남구,청담동,서울특별시 강남구 학동로105길 30,학동로105길,30,청담동134-16
양평서통한신,1,영등포구,양평동1가,서울특별시 영등포구 영등포로12길 7,영등포로12길,7,양평동1가14-1
청담삼익,1,강남구,청담동,서울특별시 강남구 학동로 609,학동로,609,청담동134-21
청담래미안로이뷰,1,강남구,청담동,서울특별시 강남구 영동대로142길 16,영동대로142길,16,청담동134
청담대우유로카운티,1,강남구,청담동,서울특별시 강남구 도산대로92길 10,도산대로92길,10,청담동50-5
청담4차e편한세상,1,강남구,청담동,,학동로73길,,nan
청광플러스원 아파트,1,중랑구,중화동,서울특별시 중랑구 동일로136길 15,동일로136길,15,중화동453
천호현대,1,강동구,천호동,서울특별시 강동구 진황도로 47-2,진황도로,1947-02-01 00:00:00,서울강동구진황도로47-2
천호코오롱,1,강동구,천호동,서울특별시 강동구 진황도로 12,진황도로,12,nan
창동현대타운(주복),1,도봉구,창동,서울특별시 도봉구 도봉로114길 22-8,도봉로114길,2025-08-22 00:00:00,서울도봉구도봉로114길22-8
지와인 아파트,1,강서구,등촌동,서울특별시 강서구 양천로 620,양천로,620,등촌동727
중랑숲시티프라디움,1,중랑구,망우동,서울특별시 중랑구 양원역로10길 47,양원역로10길,47,망우동620
트리마제,1,성동구,성수동1가,서울특별시 성동구 왕십리로 16,왕십리로,16,성수동1가718
파크타워,1,용산구,용산동5가,서울특별시 용산구 서빙고로 67,서빙고로,67,용산동5가24
포레나송파,1,송파구,거여동,서울특별시 송파구 위례송파로 123,위례송파로,123,거여동651
포레나영등포센트럴아파트,1,영등포구,영등포동7가,서울특별시 영등포구 국회대로50길 20,국회대로50길,20,영등포동7가208
힐스테이트서울숲리버,1,성동구,금호동4가,서울특별시 성동구 독서당로 344,독서당로,344,금호동4가1553
힐스테이트관악센트씨엘,1,관악구,봉천동,서울특별시 관악구 구암5길 28,구암5길,28,봉천동1699-1
힐스테이트 천호역 젠트리스,1,강동구,성내동,서울특별시 강동구 천호대로 1024,천호대로,1024,성내동610
힐스테이트 남산,1,중구,묵정동,서울특별시 중구 퇴계로46길 26,퇴계로46길,26,묵정동35
힐스테이트 e편한세상 문정아파트,1,송파구,문정동,서울특별시 송파구 송이로31길 20,송이로31길,20,문정동136
휘경자이디센시아,1,동대문구,휘경동,서울특별시 동대문구 외대역동로 63-27,외대역동로,63-27,서울동대문구외대역동로63-27
휘경서울가든,1,동대문구,휘경동,서울특별시 동대문구 겸재로 24,겸재로,24,휘경동49-5
휘경롯데낙천대,1,동대문구,휘경동,서울특별시 동대문구 외대역동로1길 24,외대역동로1길,24,휘경동109
휘경 해모로 프레스티지 아파트,1,동대문구,휘경동,서울특별시 동대문구 외대역동로1길 60-3,외대역동로1길,1960-03-01 00:00:00,서울동대문구외대역동로1길60-3
후암미주,1,용산구,후암동,서울특별시 용산구 후암로 71-1,후암로,1971-01-01 00:00:00,서울용산구후암로71-1
화곡미성,1,강서구,화곡동,서울특별시 강서구 초록마을로 176,초록마을로,176,화곡동409-248
호반써밋개봉아파트,1,구로구,개봉동,서울특별시 구로구 고척로22길 36,고척로22길,36,개봉동68-7
현대홈타운12차,1,광진구,광장동,서울특별시 광진구 천호대로 808,천호대로,808,광장동580
해태보라매타워,1,동작구,신대방동,서울특별시 관악구 보라매로3길 29,보라매로3길,29,봉천동729-32
해링턴플레이스안암,1,성북구,안암동3가,서울특별시 성북구 고려대로14길 39,고려대로14길,39,안암동3가132-17
항동하버라인4단지아파트,1,구로구,항동,서울특별시 구로구 항동로 72,항동로,72,항동84
한양현대아파트,1,성동구,성수동1가,서울특별시 성동구 상원1길 17,상원1길,17,성수동1가707
한강아파트,1,영등포구,당산동4가,서울특별시 영등포구 영신로57길 5,영신로57길,5,당산동4가29
한강로우림필유,1,용산구,한강로3가,서울특별시 용산구 이촌로29길 21-7,이촌로29길,2025-07-21 00:00:00,서울용산구이촌로29길21-7
한강로벽산메가트리움,1,용산구,한강로2가,서울특별시 용산구 한강대로43길 8,한강대로43길,8,한강로2가2-8
풍납한강극동,1,송파구,풍납동,서울특별시 송파구 토성로 38-6,토성로,1938-06-01 00:00:00,서울송파구토성로38-6
중계한화꿈에그린더퍼스트,1,노원구,중계동,서울특별시 노원구 덕릉로83길 9-7,덕릉로83길,2025-09-07 00:00:00,서울노원구덕릉로83길9-7
중계한신코아,1,노원구,하계동,서울특별시 노원구 노원로15길 51-10,노원로15길,1951-10-01 00:00:00,서울노원구노원로15길51-10
주상복합아남아파트,1,종로구,명륜2가,서울특별시 종로구 혜화로3길 5,혜화로3길,5,명륜2가237
용산시티파크1단지,1,용산구,한강로3가,서울특별시 용산구 서빙고로 35,서빙고로,35,한강로3가63-389
용산더프라임,1,용산구,원효로1가,서울특별시 용산구 원효로90길 11,원효로90길,11,원효로1가41
용마산모아엘가파크포레,1,중랑구,면목동,서울특별시 중랑구 용마산로84길 9-16,용마산로84길,2025-09-16 00:00:00,서울중랑구용마산로84길9-16
용두두산위브임대,1,동대문구,용두동,,,,nan
왕십리주상복합,1,성동구,하왕십리동,,,,nan
올림픽파크포레온,1,강동구,둔촌동,서울특별시 강동구 양재대로 1300,양재대로,1300,둔촌동174-1
오픈아파트2,1,성북구,돈암동,,돈암동,,nan
오목교벽산블루밍아파트,1,영등포구,양평동2가,서울특별시 영등포구 선유서로21길 30,선유서로21길,30,양평동2가39-1
오금아남,1,송파구,오금동,서울특별시 송파구 성내천로6길 1-13,성내천로6길,2025-01-13 00:00:00,nan
영등포삼환,1,영등포구,영등포동8가,서울특별시 영등포구 영중로 145,영중로,145,영등포동8가76-1
영등포경남아너스빌,1,영등포구,영등포동7가,서울특별시 영등포구 양산로 177,양산로,177,영등포동7가46-1
영등포 중흥S-클래스,1,영등포구,양평동1가,서울특별시 영등포구 선유서로24길 6,선유서로24길,6,양평동1가271
역삼쌍용플래티넘밸류,1,강남구,역삼동,서울특별시 강남구 테헤란로4길 46,테헤란로4길,46,역삼동826-37
역삼개나리,1,강남구,역삼동,,,,nan
여의도더리브스타일,1,영등포구,영등포동1가,서울특별시 영등포구 경인로 900,경인로,900,영등포동1가94-2
엘아이지서울역리가,1,중구,만리동1가,서울특별시 중구 만리재로33길 21,만리재로33길,21,만리동1가231
양평현대2차,1,영등포구,양평동3가,서울특별시 영등포구 선유동2로 29,선유동2로,29,양평동3가79-4
양평한신,1,영등포구,양평동5가,서울특별시 영등포구 양평로24길 9,양평로24길,9,양평동5가76
양평한솔,1,영등포구,양평동6가,서울특별시 영등포구 양평로30길 51,양평로30길,51,양평동6가99
양평우림루미아트,1,영등포구,양평동3가,서울특별시 영등포구 선유로33길 23,선유로33길,23,양평동3가102
양평신동아아파트,1,영등포구,양평동1가,서울특별시 영등포구 영등포로12길 8,영등포로12길,8,양평동1가20
양평성원,1,영등포구,양평동4가,서울특별시 영등포구 양평로17길 36,양평로17길,36,양평동4가12
용산센트럴파크,1,용산구,한강로3가,서울특별시 용산구 서빙고로 17,서빙고로,17,한강로3가98
용산아크로타워,1,용산구,문배동,서울특별시 용산구 백범로90길 26,백범로90길,26,문배동24-21
장위자이레디언트,1,성북구,장위동,서울특별시 성북구 돌곶이로30길 23,돌곶이로30길,23,서울성북구돌곶이로30길23
용산파크자이,1,용산구,한강로1가,서울특별시 용산구 한강대로 205,한강대로,205,한강로1가50-1
"잠원한신4지구(8차~11차,17차)",1,서초구,잠원동,서울특별시 서초구 나루터로4길 39,나루터로4길,39,nan
잠원녹원한신,1,서초구,잠원동,서울특별시 서초구 잠원로4길 34-11,잠원로4길,1934-11-01 00:00:00,nan
일원청솔빌리지,1,강남구,일원동,서울특별시 강남구 광평로10길 50,광평로10길,50,일원동739
일원대우,1,강남구,일원동,,개포로110길,,nan
인현신성,1,중구,인현동2가,서울특별시 중구 마른내로 72,마른내로,72,인현동2가192-30
인왕산어울림 아파트,1,서대문구,홍제동,,,,nan
이편한세상보문,1,성북구,보문동3가,서울특별시 성북구 낙산길 255,낙산길,255,보문동3가230
이수자이 주상복합,1,동작구,사당동,,,,nan
이수스위첸포레힐즈아파트,1,동작구,동작동,서울특별시 동작구 동작대로45길 10,동작대로45길,10,동작동102
이문휘경지웰에스테이트,1,동대문구,휘경동,서울특별시 동대문구 외대역동로 63-12,외대역동로,1963-12-01 00:00:00,서울동대문구외대역동로63-12
은평지웰테라스,1,은평구,진관동,서울특별시 은평구 진관4로 78-38,진관4로,78-38,진관동9
은평뉴타운상림마을6단지 제1아파트(8단지 푸르지오),1,은평구,진관동,서울특별시 은평구 진관4로 78-7,진관4로,1978-07-01 00:00:00,서울은평구진관4로78-7
은평뉴타운상림마을11단지,1,은평구,진관동,서울특별시 은평구 진관4로 48-8,진관4로,1948-08-01 00:00:00,서울은평구진관4로48-8
위례중앙푸르지오아파트,1,송파구,장지동,,,,nan
위례2차아이파크아파트,1,송파구,장지동,서울특별시 송파구 위례광장로 193,위례광장로,193,장지동880
원효산호,1,용산구,원효로4가,서울특별시 용산구 원효로 66,원효로,66,원효로4가118-16
원효로강변삼성스위트,1,용산구,원효로4가,서울특별시 용산구 원효로 40,원효로,40,원효로4가178
원에디션강남,1,강남구,역삼동,서울특별시 강남구 언주로 563,언주로,563,역삼동653-4
우장산롯데2차,1,강서구,내발산동,서울특별시 강서구 우장산로 47,우장산로,47,내발산동729
우림 루미아트,1,마포구,망원동,,,,nan
용산푸르지오써밋,1,용산구,한강로2가,서울특별시 용산구 한강대로 69,한강대로,69,한강로2가420
상도 푸르지오 클라베뉴,1,동작구,상도동,서울특별시 동작구 성대로 164,성대로,164,상도동906
상계주공8단지,1,노원구,상계동,서울특별시 노원구 노원로38길 10,노원로38길,10,상계동677
DMC SKVIEW 아이파크포레,1,은평구,수색동,서울특별시 은평구 수색로 322,수색로,322,수색동341-6
뉴신사신성아파트,1,은평구,신사동,서울특별시 은평구 은평터널로 163,은평터널로,163,신사동356
당산동부센트레빌,1,영등포구,당산동3가,서울특별시 영등포구 영신로 191,영신로,191,당산동3가561
당산동대우,1,영등포구,당산동2가,서울특별시 영등포구 영등포로 106,영등포로,106,당산동2가16-1
당산동1차효성아파트,1,영등포구,당산동5가,서울특별시 영등포구 당산로42길 13,당산로42길,13,당산동5가12
당산금호어울림,1,영등포구,당산동4가,서울특별시 영등포구 국회대로37길 22,국회대로37길,22,당산동4가95
당산2차효성타운,1,영등포구,당산동5가,서울특별시 영등포구 당산로42길 7,당산로42길,7,당산동5가13
당산2차삼성,1,영등포구,당산동4가,서울특별시 영등포구 당산로36길 12,당산로36길,12,당산동4가94-1
당산2가현대,1,영등포구,당산동2가,서울특별시 영등포구 당산로 95,당산로,95,당산동2가164
답십리한화,1,동대문구,답십리1동,,고미술로,57,답십리동994
답십리래미안임대,1,동대문구,답십리동,서울특별시 동대문구 한천로33길 11,한천로33길,11,답십리동1000-1
답십리동아,1,동대문구,답십리동,서울특별시 동대문구 한천로11길 10-1,한천로11길,2025-10-01 00:00:00,서울동대문구한천로11길10-1
남해오네뜨아파트,1,동작구,사당동,서울특별시 동작구 사당로2가길 173,사당로2가길,173,사당동1143
금호어울림(삼성동),1,강남구,삼성동,,봉은사로111길,25-0,삼성동102-2
남산센트럴자이,1,중구,충무로4가,서울특별시 중구 퇴계로 235,퇴계로,235,충무로4가306
남산롯데캐슬아이리스,1,중구,회현동1가,서울특별시 중구 소공로 35,소공로,35,회현동1가208
남산SK리더스뷰,1,중구,회현동1가,서울특별시 중구 퇴계로 72,퇴계로,72,회현동1가206
길음현대,1,성북구,길음동,,,,nan
길음역 롯데캐슬 트윈골드,1,성북구,길음동,서울특별시 성북구 길음로 11,길음로,11,길음동542-1
길음삼부,1,성북구,길음동,서울특별시 성북구 동소문로 248,동소문로,248,길음동877-66
길동신동아3차,1,강동구,길동,,,,nan
길동삼익파크,1,강동구,길동,서울특별시 강동구 명일로 293,명일로,293,길동54
금호한신휴플러스,1,성동구,금호동3가,서울특별시 성동구 금호산길 27,금호산길,27,금호동3가1662
금호자이2차,1,성동구,금호동3가,서울특별시 성동구 금호산8길 14,금호산8길,14,금호동3가700
당산디오빌,1,영등포구,당산동5가,서울특별시 영등포구 당산로 222,당산로,222,당산동5가11-33
당산롯데캐슬프레스티지 아파트,1,영등포구,당산동4가,서울특별시 영등포구 영신로 237,영신로,237,당산동4가99
당산반도유보라,1,영등포구,당산동4가,서울특별시 영등포구 국회대로 597,국회대로,597,당산동4가96
당산브라운스톤아파트,1,영등포구,당산동4가,서울특별시 영등포구 영신로55길 6,영신로55길,6,당산동4가1-36
더샵파크솔레이유아파트,1,강동구,둔촌동,서울특별시 강동구 진황도로61길 25-23,진황도로61길,25-23,둔촌동85-2
대치효성,1,강남구,대치동,서울특별시 강남구 삼성로64길 12,삼성로64길,12,대치동988-4
대우월드마크용산,1,용산구,한강로1가,서울특별시 용산구 한강대로 211,한강대로,211,한강로1가64
대방동신일해피트리 아파트,1,동작구,대방동,,,,nan
대림코오롱,1,영등포구,대림동,서울특별시 영등포구 도영로 2-5,도영로,2025-02-05 00:00:00,서울영등포구도영로2-5
대림우성,1,영등포구,대림동,서울특별시 영등포구 도림로 187,도림로,187,대림동762-1
대림갑을명가,1,영등포구,대림동,서울특별시 영등포구 대림로22길 29,대림로22길,29,대림동1119
당산현대5차,1,영등포구,당산동4가,서울특별시 영등포구 당산로42길 16,당산로42길,16,당산동4가30-1
당산현대3차,1,영등포구,당산동4가,서울특별시 영등포구 당산로41길 23,당산로41길,23,당산동4가88
당산한양,1,영등포구,당산동3가,서울특별시 영등포구 영신로 193,영신로,193,당산동3가2-6
당산푸르지오,1,영등포구,영등포동8가,서울특별시 영등포구 영중로 154,영중로,154,영등포동8가91
당산진로,1,영등포구,당산동1가,서울특별시 영등포구 당산로 68,당산로,68,당산동1가16-1
당산유원제일2차,1,영등포구,당산동5가,서울특별시 영등포구 선유동2로 56,선유동2로,56,당산동5가7-2
당산유원제일1차,1,영등포구,당산동4가,서울특별시 영등포구 국회대로29길 13,국회대로29길,13,당산동4가91
당산쌍용예가클래식,1,영등포구,당산동3가,서울특별시 영등포구 당산로31길 32,당산로31길,32,당산동3가559
당산신동아파밀리에,1,영등포구,당산동1가,서울특별시 영등포구 영신로33길 3,영신로33길,3,당산동1가457
당산센트럴아이파크,1,영등포구,당산동5가,서울특별시 영등포구 영신로 247,영신로,247,당산동5가43
당산성원아파트,1,영등포구,당산동5가,서울특별시 영등포구 양평로 57,양평로,57,당산동5가40
당산상아,1,영등포구,당산동5가,,,,nan
당산삼익,1,영등포구,당산동3가,서울특별시 영등포구 국회대로 552,국회대로,552,당산동3가394
당산삼성래미안,1,영등포구,당산동5가,서울특별시 영등포구 당산로 214,당산로,214,당산동5가42
금호자이1차,1,성동구,금호동2가,서울특별시 성동구 금호로 117,금호로,117,금호동2가1215
금호어울림,1,영등포구,문래동3가,서울특별시 영등포구 문래로 137,문래로,137,문래동3가97
상계수락한신,1,노원구,상계동,서울특별시 노원구 동일로242길 80,동일로242길,80,상계동1277
강남한신휴플러스 8단지,1,강남구,율현동,,,,nan
거평,1,강남구,논현동,,,,nan
개포주공4단지,1,강남구,개포동,,,,nan
개포주공1단지,1,강남구,개포동,서울특별시 강남구 개포로 310,개포로,310,개포동660-1
개봉건영,1,구로구,개봉동,서울특별시 구로구 고척로21나길 85-6,고척로21나길,1985-06-01 00:00:00,서울구로구고척로21나길85-6
개봉거성,1,구로구,개봉3동,,개봉로15길,91,개봉동270-80
강서금호어울림퍼스티어,1,강서구,화곡동,서울특별시 강서구 화곡로54길 43,화곡로54길,43,화곡동1176
강변건영,1,성동구,성수동1가,서울특별시 성동구 왕십리로 36,왕십리로,36,성수동1가710
강동밀레니얼중흥S-클래스,1,강동구,천호동,서울특별시 강동구 올림픽로78길 60,올림픽로78길,60,천호동423-200
강동리엔파크 14단지 아파트,1,강동구,상일동,서울특별시 강동구 고덕로98길 160,고덕로98길,160,상일동28
강남효성해링턴코트,1,강남구,세곡동,서울특별시 강남구 자곡로7길 36-1,자곡로7길,1936-01-01 00:00:00,서울강남구자곡로7길36-1
강남파라곤,1,강남구,논현동,,,,nan
금호삼성래미안,1,성동구,금호동1가,서울특별시 성동구 독서당로 343,독서당로,343,금호동1가1500
가락대림아파트,1,송파구,가락동,서울특별시 송파구 송이로 88,송이로,88,가락동70-20
e편한세상신촌아파트,1,서대문구,북아현동,서울특별시 서대문구 북아현로1길 17,북아현로1길,17,북아현동1014
e편한세상금호파크힐스,1,성동구,금호동1가,서울특별시 성동구 금호로 140,금호로,140,금호동1가1823
e편한세상 서대문,1,서대문구,홍은동,서울특별시 서대문구 통일로 505,통일로,505,홍은동469
e편한세상 문래 에듀플라츠,1,영등포구,문래동6가,서울특별시 영등포구 선유서로 50,선유서로,50,문래동6가58
e편한세상 고덕 어반브릿지,1,강동구,상일동,서울특별시 강동구 고덕로98길 75,고덕로98길,75,상일동554-38
S-아파트,1,강남구,역삼동,서울특별시 강남구 역삼동 테헤란로 13길 31-4,테헤란로13길,1931-04-01 00:00:00,서울강남구테헤란로13길31-4
DMC파인시티자이,1,은평구,수색동,서울특별시 은평구 은평터널로 15,은평터널로,15,수색동359-9
DMC우방,1,은평구,증산동,서울특별시 은평구 증산로3길 26-1,증산로3길,2025-01-26 00:00:00,서울은평구증산로3길26-1
DMC문영퀸즈파크,1,은평구,증산동,서울특별시 은평구 증산로13길 44-5,증산로13길,1944-05-01 00:00:00,서울은평구증산로13길44-5
경남아너스빌,1,양천구,신정동,서울특별시 양천구 목동동로10길 16-6,목동동로10길,2025-06-16 00:00:00,서울양천구목동동로10길16-6
경향파크아파트,1,은평구,구산동,,,,nan
고덕 아르테온 아파트,1,강동구,상일동,서울특별시 강동구 고덕로 360,고덕로,360,상일동520
고덕주공6단지,1,강동구,상일동,,,,nan
금호벽산,1,성동구,금호동1가,서울특별시 성동구 금호로 100,금호로,100,금호동1가633
금호두산,1,성동구,금호동3가,서울특별시 성동구 동호로 100,동호로,100,금호동3가1331
금호동롯데아파트,1,성동구,금호동4가,서울특별시 성동구 동호로 84,동호로,84,금호동4가1250
금호대우,1,성동구,금호동4가,서울특별시 성동구 독서당로 272,독서당로,272,금호동4가800
금호1차푸르지오,1,성동구,금호동3가,서울특별시 성동구 금호산8길 5,금호산8길,5,금호동3가917
금강주택,1,종로구,평창동,서울특별시 종로구 평창12길 8-22,평창12길,2025-08-22 00:00:00,서울종로구평창12길8-22
그란츠 리버파크,1,강동구,성내동,서울특별시 강동구 천호대로 1050,천호대로,1050,성내동15
궁동우신빌라,1,구로구,궁동,서울특별시 구로구 오리로 1265,오리로,1265,궁동213-21
구의세양아파트,1,광진구,구의동,서울특별시 광진구 구의강변로 84,구의강변로,84,구의동658
구로월드,1,구로구,구로동,서울특별시 구로구 구로중앙로 229,구로중앙로,229,구로동1262
광화문스페이스본 아파트,1,종로구,신문로2가,서울특별시 종로구 사직로8길 4,사직로8길,4,사직동9
광장일신워커힐,1,광진구,광장동,,,,nan
광장11현대홈타운,1,광진구,광장동,서울특별시 광진구 아차산로69길 29,아차산로69길,29,광장동579
관악우정하이비전아파트 1단지,1,관악구,신림동,서울특별시 관악구 양지길 50-5,양지길,1950-05-01 00:00:00,서울관악구양지길50-5
공릉현대,1,노원구,공릉동,서울특별시 노원구 동일로176길 39-12,동일로176길,1939-12-01 00:00:00,서울노원구동일로176길39-12
공릉건영장미,1,노원구,공릉동,서울특별시 노원구 공릉로51길 14-1,공릉로51길,2025-01-14 00:00:00,서울노원구공릉로51길14-1
공덕자이 아파트,1,마포구,아현동,서울특별시 마포구 마포대로24길 16,마포대로24길,16,아현동800
공덕래미안5차,1,마포구,공덕동,서울특별시 마포구 마포대로 167,마포대로,167,공덕동470
고척청구아파트,1,구로구,고척동,서울특별시 구로구 중앙로6길 5-15,중앙로6길,2025-05-15 00:00:00,서울구로구중앙로6길5-15
고척우성꿈동산,1,구로구,고척동,서울특별시 구로구 경인로47다길 34-7,경인로47다길,1934-07-01 00:00:00,서울구로구경인로47다길34-7
고덕풍경채어바니티,1,강동구,고덕동,서울특별시 강동구 아리수로 375,아리수로,375,고덕동136
도곡쌍용예가,1,강남구,도곡동,서울특별시 강남구 남부순환로363길 30,남부순환로363길,30,도곡동902-8/도곡동933
도봉동아에코빌,1,도봉구,도봉동,서울특별시 도봉구 도봉로180길 6-23,도봉로180길,2025-06-23 00:00:00,서울도봉구도봉로180길6-23
도봉숲 아뜨리움,1,도봉구,도봉동,서울특별시 도봉구 도봉로167길 38,도봉로167길,38,도봉동593-37
방배삼익,1,서초구,방배동,서울특별시 서초구 효령로34길 79,효령로34길,79,nan
보문리슈빌하우트,1,성북구,보문동1가,서울특별시 성북구 보문로26길 18,보문로26길,18,보문동1가228
보라매우성,1,동작구,신대방동,서울특별시 동작구 보라매로5길 5,보라매로5길,5,봉천동1696
번동신원,1,강북구,번동,서울특별시 강북구 월계로37길 87-9,월계로37길,1987-09-01 00:00:00,서울강북구월계로37길87-9
번동금호어울림,1,강북구,번동,서울특별시 강북구 오현로31길 85-7,오현로31길,1985-07-01 00:00:00,서울강북구오현로31길85-7
백운한비치2차,1,금천구,시흥동,서울특별시 금천구 금하로23길 52,금하로23길,52,시흥동1018
방화월드메르디앙,1,강서구,방화동,서울특별시 강서구 양천로1길 117,양천로1길,117,방화동878
방학신동아3단지,1,도봉구,방학동,서울특별시 도봉구 방학로15길 26-7,방학로15길,2025-07-26 00:00:00,서울도봉구방학로15길26-7
방학성원,1,도봉구,방학동,서울특별시 도봉구 도당로6길 14-5,도당로6길,2025-05-14 00:00:00,서울도봉구도당로6길14-5
방학극동아파트,1,도봉구,방학동,서울특별시 도봉구 시루봉로11길 25-5,시루봉로11길,2025-05-25 00:00:00,서울도봉구시루봉로11길25-5
방배임광3차,1,서초구,방배동,서울특별시 서초구 방배로2길 24-5,방배로2길,2025-05-24 00:00:00,서울서초구방배로2길24-5
방배3차e편한세상,1,서초구,방배동,서울특별시 서초구 동광로 89-5,동광로,1989-05-01 00:00:00,서울서초구동광로89-5
돈암대성유니드,1,성북구,돈암동,,동소문로31길,,nan
반포본동아파트,1,서초구,반포동,서울특별시 서초구 신반포로3길 14,신반포로3길,14,nan
반포경남,1,서초구,반포동,,,,nan
미성아파트(신사동),1,은평구,신사동,서울특별시 은평구 증산로15길 35-10,증산로15길,1935-10-01 00:00:00,서울은평구증산로15길35-10
문화촌현대,1,서대문구,홍제동,서울특별시 서대문구 문화촌길 6-24,문화촌길,2025-06-24 00:00:00,서울서대문구문화촌길6-24
문정세양청마루,1,송파구,문정동,서울특별시 송파구 송이로31길 66,송이로31길,66,문정동146
문래힐스테이트,1,영등포구,문래동3가,서울특별시 영등포구 문래로 82,문래로,82,문래동3가94
문래현대6차아파트,1,영등포구,문래동6가,서울특별시 영등포구 선유서로 31,선유서로,31,문래동6가55-1
문래현대5차아파트,1,영등포구,문래동5가,서울특별시 영등포구 선유서로9길 5,선유서로9길,5,문래동5가23-1
문래현대3차,1,영등포구,문래동5가,서울특별시 영등포구 선유서로 6,선유서로,6,문래동5가21
문래현대2차,1,영등포구,문래동6가,서울특별시 영등포구 문래로4길 6,문래로4길,6,문래동6가45
보문아남,1,성북구,보문동6가,서울특별시 성북구 보문사길 112,보문사길,112,보문동6가36-2
보문아이파크,1,성북구,보문동3가,서울특별시 성북구 지봉로21길 19,지봉로21길,19,보문동3가2
보문파크뷰자이아파트,1,성북구,보문동6가,서울특별시 성북구 보문사길 111,보문사길,111,보문동6가458
보문하우스토리주상복합,1,성북구,보문동4가,서울특별시 성북구 고려대로2길 37,고려대로2길,37,보문동4가116
상계마들,1,노원구,상계동,서울특별시 노원구 덕릉로70가길 101,덕릉로70가길,101,상계동771-3
상계 대창센시티,1,노원구,상계동,서울특별시 노원구 수락산로 246,수락산로,246,상계동1302
삼호한숲,1,영등포구,양평동4가,서울특별시 영등포구 선유로47길 34,선유로47길,34,양평동4가94
삼성홍실,1,강남구,삼성동,서울특별시 강남구 영동대로128길 15,영동대로128길,15,삼성동79
삼성파크아파트,1,강남구,삼성동,서울특별시 강남구 삼성동 126,삼성로99길,,서울강남구삼성동126
삼성석탑아파트,1,강남구,삼성동,,,,nan
삼성 상아2차아파트,1,강남구,삼성동,,,,nan
삼선힐스테이트,1,성북구,삼선동2가,서울특별시 성북구 낙산길 243-15,낙산길,243-15,삼선동2가420
삼선푸르지오아파트,1,성북구,삼선동2가,서울특별시 성북구 보문로29다길 31,보문로29다길,31,삼선동2가425
삼선코오롱아파트,1,성북구,삼선동4가,서울특별시 성북구 삼선교로23길 23,삼선교로23길,23,삼선동4가73
삼선SKView,1,성북구,삼선동3가,서울특별시 성북구 삼선교로16길 35,삼선교로16길,35,삼선동3가116
사당대아2차,1,동작구,사당동,,,,nan
브라운스톤동선,1,성북구,동소문동7가,서울특별시 성북구 아리랑로5길 25,아리랑로5길,25,동소문동7가120
브라운스톤금호아파트,1,성동구,금호동4가,서울특별시 성동구 매봉길 24,매봉길,24,금호동4가1507
불광대호2차,1,은평구,불광동,서울특별시 은평구 불광로 90,불광로,90,불광동631-1
북한산수자인,1,은평구,불광동,서울특별시 은평구 불광로 170,불광로,170,불광동636
북한산두산위브2차,1,서대문구,홍은동,서울특별시 서대문구 홍은중앙로1길 100,홍은중앙로1길,100,홍은동468
북서울자이 폴라리스 아파트,1,강북구,미아동,서울특별시 강북구 삼양로58길 29,삼양로58길,29,미아동788-1
봉천인헌아파트,1,관악구,봉천동,서울특별시 관악구 낙성대로15길 66,낙성대로15길,66,봉천동1725
봉천은천2단지,1,관악구,봉천동,서울특별시 관악구 인헌12길 46-1,인헌12길,1946-01-01 00:00:00,서울관악구인헌12길46-1
봉천은천1단지,1,관악구,봉천동,서울특별시 관악구 인헌12길 46-2,인헌12길,1946-02-01 00:00:00,서울관악구인헌12길46-2
문래현대1차,1,영등포구,문래동6가,서울특별시 영등포구 문래로4길 20,문래로4길,20,문래동6가46
문래한신,1,영등포구,문래동6가,서울특별시 영등포구 선유서로 35,선유서로,35,문래동6가43
문래진주,1,영등포구,문래동5가,서울특별시 영등포구 선유로9길 31,선유로9길,31,문래동5가22
마곡우림필유아파트,1,강서구,방화동,서울특별시 강서구 양천로28길 29,양천로28길,29,마곡동1467
리첸시아용산,1,용산구,원효로1가,서울특별시 용산구 백범로 341,백범로,341,원효로1가133-3
리버뷰신안인스빌,1,영등포구,문래동4가,서울특별시 영등포구 도림로145길 28,도림로145길,28,문래동4가67
롯데캐슬 리버파크 시그니처 아파트,1,광진구,자양동,서울특별시 광진구 뚝섬로 467,뚝섬로,467,자양동236
래미안하이리버,1,성동구,금호동2가,서울특별시 성동구 금호로 107,금호로,107,금호동2가1217
래미안첼리투스,1,용산구,이촌동,서울특별시 용산구 이촌로 300,이촌로,300,이촌동301-263
래미안이문2차,1,동대문구,이문동,서울특별시 동대문구 이문로12길 3-10,이문로12길,2025-03-10 00:00:00,서울동대문구이문로12길3-10
래미안용산아파트,1,용산구,한강로2가,서울특별시 용산구 한강대로 95,한강대로,95,한강로2가422
래미안아름숲임대,1,동대문구,전농동,,,,nan
래미안라그란데,1,동대문구,이문동,서울특별시 동대문구 이문로35길 12,이문로35길,12,이문동257-42
래미안 웰스트림,1,마포구,현석동,서울특별시 마포구 토정로 11,토정로,11,합정동376-25
래미안 대치 팰리스,1,강남구,대치동,서울특별시 강남구 삼성로57길 37-3,삼성로57길,1937-03-01 00:00:00,서울강남구삼성로57길37-3
뚝섬중앙하이츠빌,1,성동구,성수동1가,서울특별시 성동구 상원길 47,상원길,47,성수동1가715
디에이치퍼스티어아이파크,1,강남구,개포동,서울특별시 강남구 개포로 310,개포로,310,개포동660-1
디아크리온강남 아파트,1,강남구,자곡동,서울특별시 강남구 자곡로11길 11,자곡로11길,11,자곡동347-5
등촌우성101동,1,강서구,등촌동,서울특별시 강서구 화곡로68길 115,화곡로68길,115,등촌동630-11
등촌서광,1,강서구,등촌동,서울특별시 강서구 공항대로45길 68-6,공항대로45길,1968-06-01 00:00:00,서울강서구공항대로45길68-6
둔촌동동아,1,강동구,둔촌동,서울특별시 강동구 동남로49길 60-5,동남로49길,1960-05-01 00:00:00,서울강동구동남로49길60-5
동익빌라,1,종로구,구기동,서울특별시 종로구 홍지문길 64,홍지문길,64,구기동40
동소문한신휴플러스,1,성북구,동소문동4가,서울특별시 성북구 동소문로13길 47,동소문로13길,47,동소문동7가23
동소문동송산,1,성북구,동소문동4가,서울특별시 성북구 동소문로3길 101,동소문로3길,101,동소문동4가279
돈암동일하이빌,1,성북구,동소문동5가,서울특별시 성북구 보문로38길 11,보문로38길,11,동소문동5가120
마곡삼성,1,강서구,방화동,서울특별시 강서구 방화대로34길 113,방화대로34길,113,마곡동1478
마곡청구아파트,1,강서구,방화동,서울특별시 강서구 양천로26길 103,양천로26길,103,마곡동1181
문래자이아파트,1,영등포구,문래동3가,서울특별시 영등포구 당산로4길 12,당산로4길,12,문래동3가54
마곡푸르지오,1,강서구,방화동,서울특별시 강서구 방화대로34길 88,방화대로34길,88,마곡동1525
문래삼환,1,영등포구,문래동4가,서울특별시 영등포구 도림로143길 30,도림로143길,30,문래동4가43
문래베어스타운,1,영등포구,문래동6가,서울특별시 영등포구 선유서로 40,선유서로,40,문래동6가38-1
문래미원아파트,1,영등포구,문래동6가,서울특별시 영등포구 문래로8길 5,문래로8길,5,문래동6가54
문래두산위브,1,영등포구,문래동5가,서울특별시 영등포구 선유로9나길 8,선유로9나길,8,문래동5가14
문래동모아미래도아파트,1,영등포구,문래동5가,서울특별시 영등포구 선유로9나길 5,선유로9나길,5,문래동5가67
문래대원,1,영등포구,문래동6가,서울특별시 영등포구 문래로4길 26,문래로4길,26,문래동6가47-1
문래대림,1,영등포구,문래동5가,서울특별시 영등포구 선유로 33,선유로,33,문래동5가1
문래남성,1,영등포구,문래동2가,서울특별시 영등포구 경인로77길 21,경인로77길,21,문래동2가35
문래국화,1,영등포구,문래동3가,서울특별시 영등포구 도림로 464,도림로,464,문래동3가76-1
문래공원한신,1,영등포구,문래동3가,서울특별시 영등포구 문래로20길 14,문래로20길,14,문래동3가77-2
문래건영아파트,1,영등포구,문래동3가,서울특별시 영등포구 문래로 94-7,문래로,1994-07-01 00:00:00,서울영등포구문래로94-7
묵동동구햇살,1,중랑구,묵동,서울특별시 중랑구 동일로169길 41,동일로169길,41,묵동388
목동금호타운아파트,1,양천구,목동,서울특별시 양천구 목동중앙남로3길 11,목동중앙남로3길,11,목동768-5
목동2차우성,1,양천구,신정동,서울특별시 양천구 목동남로4길 6-23,목동남로4길,2025-06-23 00:00:00,서울양천구목동남로4길6-23
"명일삼익가든1,2차",1,강동구,명일동,서울특별시 강동구 상암로 224,상암로,224,명일동260-1
명륜아남1차,1,종로구,명륜2가,서울특별시 종로구 창경궁로 265,창경궁로,265,명륜2가4
면목신성미소지움,1,중랑구,면목동,서울특별시 중랑구 용마산로86길 9-27,용마산로86길,2025-09-27 00:00:00,서울중랑구용마산로86길9-27
메이플자이,1,서초구,잠원동,서울특별시 서초구 신반포로 251 메이플자이,신반포로,251,서울서초구신반포로251
메세나폴리스,1,마포구,서교동,서울특별시 마포구 양화로 45,양화로,45,합정동414
마포한화오벨리스크,1,마포구,도화동,서울특별시 마포구 마포대로 33,마포대로,33,도화동160
마곡현대아파트,1,강서구,방화동,서울특별시 강서구 양천로 140,양천로,140,마곡동1171
힐스테이트서초젠트리스,1,서초구,신원동,서울특별시 서초구 헌릉로8길 10-12,헌릉로8길,2025-10-12 00:00:00,서울서초구헌릉로8길10-12
